"","id","gender","bdate","educ","jobcat","salary","salbegin","jobtime","prevexp","minority","newgender","avgsal"
"1",1,"Male",11654150400,"15","Manager",57000,27000,98,144,"No","male",42000
"2",2,"Male",11852956800,"16","Clerical",40200,18750,98,36,"No","male",29475
"3",3,"Female",10943337600,"12","Clerical",21450,12000,98,381,"No","female",16725
"4",4,"Female",11502518400,"8","Clerical",21900,13200,98,190,"No","female",17550
"5",5,"Male",11749363200,"15","Clerical",45000,21000,98,138,"No","male",33000
"6",6,"Male",11860819200,"15","Clerical",32100,13500,98,67,"No","male",22800
"7",7,"Male",11787552000,"15","Clerical",36000,18750,98,114,"No","male",27375
"8",8,"Female",12103948800,"12","Clerical",21900,9750,98,0,"No","female",15825
"9",9,"Female",11463897600,"15","Clerical",27900,12750,98,115,"No","female",20325
"10",10,"Female",11465712000,"12","Clerical",24000,13500,98,244,"No","female",18750
"11",11,"Female",11591424000,"16","Clerical",30300,16500,98,143,"No","female",23400
"12",12,"Male",12094012800,"8","Clerical",28350,12000,98,26,"Yes","male",20175
"13",13,"Male",11920867200,"15","Clerical",27750,14250,98,34,"Yes","male",21000
"14",14,"Female",11561529600,"15","Clerical",35100,16800,98,137,"Yes","female",25950
"15",15,"Male",11987654400,"12","Clerical",27300,13500,97,66,"No","male",20400
"16",16,"Male",12057724800,"12","Clerical",40800,15000,97,24,"No","male",27900
"17",17,"Male",11984025600,"15","Clerical",46000,14250,97,48,"No","male",30125
"18",18,"Male",11784355200,"16","Manager",103750,27510,97,70,"No","male",65630
"19",19,"Male",11986790400,"12","Clerical",42300,14250,97,103,"No","male",28275
"20",20,"Female",11274508800,"12","Clerical",26250,11550,97,48,"No","female",18900
"21",21,"Female",12002688000,"16","Clerical",38850,15000,97,17,"No","female",26925
"22",22,"Male",11295676800,"12","Clerical",21750,12750,97,315,"Yes","male",17250
"23",23,"Female",12067920000,"15","Clerical",24000,11100,97,75,"Yes","female",17550
"24",24,"Female",11059113600,"12","Clerical",16950,9000,97,124,"Yes","female",12975
"25",25,"Female",11351404800,"15","Clerical",21150,9000,97,171,"Yes","female",15075
"26",26,"Male",12120019200,"15","Clerical",31050,12600,96,14,"No","male",21825
"27",27,"Male",11721110400,"19","Manager",60375,27480,96,96,"No","male",43927.5
"28",28,"Male",12007094400,"15","Clerical",32550,14250,96,43,"No","male",23400
"29",29,"Male",11401171200,"19","Manager",135000,79980,96,199,"No","male",107490
"30",30,"Male",11957760000,"15","Clerical",31200,14250,96,54,"No","male",22725
"31",31,"Male",12034656000,"12","Clerical",36150,14250,96,83,"No","male",25200
"32",32,"Male",11716790400,"19","Manager",110625,45000,96,120,"No","male",77812.5
"33",33,"Male",11941948800,"15","Clerical",42000,15000,96,68,"No","male",28500
"34",34,"Male",11559456000,"19","Manager",92000,39990,96,175,"No","male",65995
"35",35,"Male",11955513600,"17","Manager",81250,30000,96,18,"No","male",55625
"36",36,"Female",12017289600,"8","Clerical",31350,11250,96,52,"No","female",21300
"37",37,"Male",11738736000,"12","Clerical",29100,13500,96,113,"Yes","male",21300
"38",38,"Male",11976940800,"15","Clerical",31350,15000,96,49,"Yes","male",23175
"39",39,"Male",11918707200,"16","Clerical",36000,15000,96,46,"Yes","male",25500
"40",40,"Female",11072419200,"15","Clerical",19200,9000,96,23,"Yes","female",14100
"41",41,"Female",11941948800,"12","Clerical",23550,11550,96,52,"Yes","female",17550
"42",42,"Male",11926742400,"15","Clerical",35100,16500,95,90,"No","male",25800
"43",43,"Male",12031459200,"12","Clerical",23250,14250,95,46,"No","male",18750
"44",44,"Male",12012710400,"8","Clerical",29250,14250,95,50,"No","male",21750
"45",45,"Male",11227939200,"12","Custodial",30750,13500,95,307,"No","male",22125
"46",46,"Female",11300428800,"15","Clerical",22350,12750,95,165,"No","female",17550
"47",47,"Female",11219644800,"12","Clerical",30000,16500,95,228,"No","female",23250
"48",48,"Male",11507097600,"12","Custodial",30750,14100,94,240,"No","male",22425
"49",49,"Male",11862979200,"15","Clerical",34800,16500,94,93,"No","male",25650
"50",50,"Male",11907129600,"16","Manager",60000,23730,94,59,"No","male",41865
"51",51,"Male",11983161600,"12","Clerical",35550,15000,94,48,"No","male",25275
"52",52,"Male",12025670400,"15","Clerical",45150,15000,94,40,"No","male",30075
"53",53,"Male",11723961600,"18","Manager",73750,26250,94,56,"No","male",50000
"54",54,"Male",11001916800,"12","Clerical",25050,13500,94,444,"No","male",19275
"55",55,"Male",11918966400,"12","Clerical",27000,15000,94,120,"No","male",21000
"56",56,"Male",11975990400,"15","Clerical",26850,13500,94,5,"No","male",20175
"57",57,"Male",12007440000,"15","Clerical",33900,15750,94,78,"No","male",24825
"58",58,"Female",12057465600,"15","Clerical",26400,13500,94,3,"No","female",19950
"59",59,"Male",11946268800,"15","Clerical",28050,14250,94,36,"Yes","male",21150
"60",60,"Male",11876198400,"12","Clerical",30900,15000,94,102,"Yes","male",22950
"61",61,"Male",12040185600,"8","Clerical",22500,9750,94,36,"Yes","male",16125
"62",62,"Male",11984025600,"16","Manager",48000,21750,93,22,"No","male",34875
"63",63,"Male",11955340800,"17","Manager",55000,26250,93,32,"No","male",40625
"64",64,"Male",12021782400,"16","Manager",53125,21000,93,48,"No","male",37062.5
"65",65,"Male",12037507200,"8","Clerical",21900,14550,93,41,"No","male",18225
"66",66,"Male",11970892800,"19","Manager",78125,30000,93,7,"No","male",54062.5
"67",67,"Male",12042777600,"16","Manager",46000,21240,93,35,"No","male",33620
"68",68,"Male",12009168000,"16","Manager",45250,21480,93,36,"No","male",33365
"69",69,"Male",11918793600,"16","Manager",56550,25000,93,34,"No","male",40775
"70",70,"Male",11970201600,"15","Clerical",41100,20250,93,27,"No","male",30675
"71",71,"Male",11545632000,"17","Manager",82500,34980,93,207,"No","male",58740
"72",72,"Female",12030508800,"16","Clerical",54000,18000,93,11,"No","female",36000
"73",73,"Female",12159590400,"12","Clerical",26400,10500,93,0,"No","female",18450
"74",74,"Female",11061878400,"15","Clerical",33900,19500,93,192,"No","female",26700
"75",75,"Female",12080880000,"15","Clerical",24150,11550,93,0,"No","female",17850
"76",76,"Female",12145852800,"15","Clerical",29250,11550,93,11,"No","female",20400
"77",77,"Female",12177993600,"12","Clerical",27600,11400,93,6,"No","female",19500
"78",78,"Female",12176265600,"12","Clerical",22950,10500,93,10,"No","female",16725
"79",79,"Female",11968819200,"16","Clerical",34800,14550,93,8,"No","female",24675
"80",80,"Female",11947824000,"16","Clerical",51000,18000,93,22,"No","female",34500
"81",81,"Female",12162355200,"12","Clerical",24300,10950,93,5,"No","female",17625
"82",82,"Female",11514182400,"12","Clerical",24750,14250,93,193,"Yes","female",19500
"83",83,"Female",12149222400,"12","Clerical",22950,11250,93,0,"Yes","female",17100
"84",84,"Female",12130732800,"8","Clerical",25050,10950,93,8,"Yes","female",18000
"85",85,"Male",11975385600,"15","Clerical",25950,17100,92,42,"No","male",21525
"86",86,"Male",11955772800,"15","Clerical",31650,15750,92,64,"No","male",23700
"87",87,"Male",11897452800,"12","Clerical",24150,14100,92,130,"No","male",19125
"88",88,"Male",11970374400,"19","Manager",72500,28740,92,10,"No","male",50620
"89",89,"Male",11950416000,"19","Manager",68750,27480,92,8,"No","male",48115
"90",90,"Female",11214460800,"8","Clerical",16200,9750,92,0,"No","female",12975
"91",91,"Female",12151209600,"12","Clerical",20100,11250,92,24,"No","female",15675
"92",92,"Female",12171427200,"8","Clerical",24000,10950,92,6,"No","female",17475
"93",93,"Female",12161750400,"12","Clerical",25950,10950,92,0,"No","female",18450
"94",94,"Female",11606803200,"12","Clerical",24600,10050,92,44,"No","female",17325
"95",95,"Female",12175228800,"12","Clerical",28500,10500,92,6,"No","female",19500
"96",96,"Male",11075443200,"8","Custodial",30750,15000,92,432,"Yes","male",22875
"97",97,"Male",11684390400,"17","Clerical",40200,19500,92,168,"Yes","male",29850
"98",98,"Male",11789366400,"8","Custodial",30000,15000,92,144,"Yes","male",22500
"99",99,"Female",12172464000,"12","Clerical",22050,10950,92,5,"Yes","female",16500
"100",100,"Male",12024115200,"18","Manager",78250,27480,91,47,"No","male",52865
"101",101,"Male",11910067200,"16","Manager",60625,22500,91,44,"No","male",41562.5
"102",102,"Male",12005884800,"14","Clerical",39900,15750,91,59,"No","male",27825
"103",103,"Male",11878704000,"19","Manager",97000,35010,91,68,"No","male",66005
"104",104,"Male",11993529600,"15","Clerical",27450,15750,91,48,"No","male",21600
"105",105,"Male",12098764800,"15","Clerical",31650,13500,91,18,"No","male",22575
"106",106,"Male",11985494400,"19","Manager",91250,29490,91,23,"No","male",60370
"107",107,"Female",11923459200,"12","Clerical",25200,14400,91,83,"No","female",19800
"108",108,"Female",10974009600,"12","Clerical",21000,11550,91,108,"No","female",16275
"109",109,"Male",12025497600,"12","Clerical",30450,15000,91,49,"Yes","male",22725
"110",110,"Male",11677392000,"15","Clerical",28350,18000,91,151,"Yes","male",23175
"111",111,"Male",11301206400,"12","Custodial",30750,9000,91,314,"Yes","male",19875
"112",112,"Male",11539929600,"12","Custodial",30750,15000,91,240,"Yes","male",22875
"113",113,"Male",11896243200,"16","Manager",54875,27480,90,68,"No","male",41177.5
"114",114,"Male",11955772800,"14","Clerical",37800,16500,90,60,"No","male",27150
"115",115,"Male",11946700800,"15","Clerical",33450,14100,90,85,"No","male",23775
"116",116,"Male",11980656000,"15","Clerical",30300,16500,90,16,"No","male",23400
"117",117,"Female",11021270400,"12","Clerical",31500,18750,90,205,"No","female",25125
"118",118,"Female",12035433600,"12","Clerical",31650,14250,90,48,"No","female",22950
"119",119,"Female",12015993600,"12","Clerical",25200,14100,90,55,"No","female",19650
"120",120,"Female",12057292800,"16","Manager",37800,15750,90,7,"No","female",26775
"121",121,"Female",11165212800,"15","Clerical",18750,10500,90,54,"No","female",14625
"122",122,"Female",12084768000,"15","Clerical",32550,13500,90,22,"No","female",23025
"123",123,"Female",11566454400,"12","Clerical",33300,15000,90,3,"No","female",24150
"124",124,"Female",12011241600,"16","Clerical",38550,16500,90,0,"No","female",27525
"125",125,"Male",11796364800,"12","Clerical",27450,15000,90,173,"Yes","male",21225
"126",126,"Male",11621491200,"15","Custodial",24300,15000,90,191,"Yes","male",19650
"127",127,"Male",11609222400,"12","Custodial",30750,15000,90,209,"Yes","male",22875
"128",128,"Female",11479708800,"12","Clerical",19650,9750,90,229,"Yes","female",14700
"129",129,"Male",11889331200,"17","Manager",68750,27510,89,38,"No","male",48130
"130",130,"Male",11862115200,"20","Manager",59375,30000,89,6,"No","male",44687.5
"131",131,"Male",11970201600,"15","Clerical",31500,15750,89,22,"No","male",23625
"132",132,"Male",11694672000,"12","Clerical",27300,17250,89,175,"No","male",22275
"133",133,"Male",11894169600,"15","Clerical",27000,15750,89,87,"No","male",21375
"134",134,"Female",11331273600,"16","Manager",41550,24990,89,285,"No","female",33270
"135",135,"Female",12168489600,"12","Clerical",26250,10950,89,0,"No","female",18600
"136",136,"Male",11261462400,"12","Clerical",22200,15000,88,324,"No","male",18600
"137",137,"Male",11194588800,"21","Manager",65000,37500,88,264,"No","male",51250
"138",138,"Male",11494224000,"12","Clerical",30900,15000,88,252,"No","male",22950
"139",139,"Female",11003126400,"8","Clerical",20100,13200,88,90,"No","female",16650
"140",140,"Female",12069734400,"12","Clerical",22350,13500,88,26,"No","female",17925
"141",141,"Female",12107318400,"15","Clerical",35550,13350,88,32,"No","female",24450
"142",142,"Female",12120451200,"12","Clerical",28500,13950,88,34,"No","female",21225
"143",143,"Female",11261376000,"12","Clerical",24450,13200,88,107,"No","female",18825
"144",144,"Female",11009260800,"8","Clerical",16650,9750,88,412,"No","female",13200
"145",145,"Male",12031200000,"12","Clerical",26700,13500,88,38,"Yes","male",20100
"146",146,"Male",11619849600,"18","Clerical",43950,23250,88,182,"Yes","male",33600
"147",147,"Male",11168323200,"15","Clerical",23700,13500,88,359,"Yes","male",18600
"148",148,"Female",11896156800,"15","Clerical",26550,14250,88,61,"Yes","female",20400
"149",149,"Male",11982297600,"12","Clerical",27600,15000,87,75,"No","male",21300
"150",150,"Male",11719900800,"12","Clerical",25800,15000,87,143,"No","male",20400
"151",151,"Male",11734070400,"16","Manager",42300,26250,87,126,"No","male",34275
"152",152,"Male",10936080000,"8","Custodial",30750,15000,87,451,"No","male",22875
"153",153,"Female",12136089600,"12","Clerical",26700,12900,87,18,"No","female",19800
"154",154,"Female",11286259200,"12","Clerical",20850,12000,87,163,"No","female",16425
"155",155,"Male",12003984000,"15","Clerical",35250,15000,87,54,"Yes","male",25125
"156",156,"Male",11999404800,"15","Clerical",26700,15000,87,56,"Yes","male",20850
"157",157,"Female",12140409600,"12","Clerical",26550,13050,87,11,"Yes","female",19800
"158",158,"Female",12052713600,"12","Clerical",27750,12000,87,11,"Yes","female",19875
"159",159,"Female",11620800000,"16","Clerical",25050,12750,87,123,"Yes","female",18900
"160",160,"Male",11640326400,"16","Manager",66000,47490,86,150,"No","male",56745
"161",161,"Male",12001996800,"16","Clerical",52650,19500,86,20,"No","male",36075
"162",162,"Male",11947824000,"16","Manager",45625,23250,86,60,"No","male",34437.5
"163",163,"Male",12088656000,"15","Clerical",30900,15000,86,25,"No","male",22950
"164",164,"Female",12080966400,"15","Clerical",29400,16500,86,24,"No","female",22950
"165",165,"Female",12103344000,"15","Clerical",33300,13500,86,24,"No","female",23400
"166",166,"Female",11352355200,"12","Clerical",21900,9750,86,156,"No","female",15825
"167",167,"Female",11040710400,"12","Clerical",18150,9750,86,72,"No","female",13950
"168",168,"Female",11976595200,"16","Manager",46875,17250,86,19,"No","female",32062.5
"169",169,"Male",12073881600,"12","Clerical",25500,14400,86,37,"Yes","male",19950
"170",170,"Male",12044160000,"12","Clerical",26550,15000,86,38,"Yes","male",20775
"171",171,"Male",10958803200,"12","Clerical",26700,13500,86,367,"Yes","male",20100
"172",172,"Female",11697004800,"15","Clerical",29850,15000,86,79,"Yes","female",22425
"173",173,"Male",11589436800,"20","Manager",69250,42480,85,134,"No","male",55865
"174",174,"Male",11115360000,"8","Custodial",31950,15000,85,438,"No","male",23475
"175",175,"Male",11210140800,"8","Clerical",26250,15600,85,171,"No","male",20925
"176",176,"Female",11990851200,"16","Clerical",35700,17250,85,19,"No","female",26475
"177",177,"Female",11986099200,"12","Clerical",28500,16500,85,69,"No","female",22500
"178",178,"Female",11210918400,"12","Clerical",17100,10200,85,72,"No","female",13650
"179",179,"Male",12063168000,"12","Clerical",25200,13050,85,29,"Yes","male",19125
"180",180,"Female",11905660800,"12","Clerical",24000,12750,85,59,"Yes","female",18375
"181",181,"Female",11241331200,"12","Clerical",27450,10200,85,101,"Yes","female",18825
"182",182,"Female",11373004800,"12","Clerical",18450,10200,85,228,"Yes","female",14325
"183",183,"Male",11908944000,"15","Clerical",39300,15750,84,72,"No","male",27525
"184",184,"Male",12056688000,"15","Clerical",38850,15000,84,53,"No","male",26925
"185",185,"Male",10977724800,"8","Custodial",30750,15000,84,380,"No","male",22875
"186",186,"Male",12046147200,"15","Clerical",37500,20400,84,33,"No","male",28950
"187",187,"Male",12016512000,"16","Manager",58750,21750,84,13,"No","male",40250
"188",188,"Female",11086243200,"12","Clerical",34500,18750,84,208,"No","female",26625
"189",189,"Female",11595657600,"12","Clerical",36000,19980,84,240,"No","female",27990
"190",190,"Female",11047708800,"8","Clerical",29100,16500,84,35,"No","female",22800
"191",191,"Female",11014099200,"12","Clerical",16500,10200,84,288,"No","female",13350
"192",192,"Male",11580969600,"12","Clerical",19650,12750,84,180,"Yes","male",16200
"193",193,"Female",12110601600,"12","Clerical",24750,12000,84,41,"Yes","female",18375
"194",194,"Female",11218089600,"15","Clerical",27150,15750,84,231,"Yes","female",21450
"195",195,"Female",11772691200,"12","Clerical",26400,12750,84,36,"Yes","female",19575
"196",196,"Female",11467267200,"16","Clerical",23100,12000,84,214,"Yes","female",17550
"197",197,"Male",11990505600,"15","Manager",54900,25500,83,49,"No","male",40200
"198",198,"Male",11657865600,"19","Manager",70875,43500,83,156,"No","male",57187.5
"199",199,"Male",11843452800,"16","Manager",51250,27480,83,69,"No","male",39365
"200",200,"Male",12002169600,"17","Manager",67500,34980,83,9,"No","male",51240
"201",201,"Male",11756966400,"12","Clerical",29340,19500,83,150,"No","male",24420
"202",202,"Male",12004934400,"15","Clerical",39600,16500,83,47,"No","male",28050
"203",203,"Male",12036556800,"12","Clerical",29100,15000,83,50,"No","male",22050
"204",204,"Male",11929161600,"15","Clerical",33150,16500,83,69,"No","male",24825
"205",205,"Male",11413785600,"16","Manager",66750,52500,83,258,"No","male",59625
"206",206,"Male",11379484800,"12","Custodial",33750,15000,83,284,"No","male",24375
"207",207,"Male",11876112000,"15","Clerical",27300,17250,83,91,"No","male",22275
"208",208,"Female",12184905600,"12","Clerical",24000,11250,83,16,"No","female",17625
"209",209,"Female",11084428800,"8","Clerical",19800,10200,83,75,"No","female",15000
"210",210,"Male",11567318400,"15","Clerical",30600,16500,83,216,"Yes","male",23550
"211",211,"Male",11615097600,"15","Clerical",28950,15000,83,108,"Yes","male",21975
"212",212,"Male",12073104000,"15","Clerical",38400,16500,83,64,"Yes","male",27450
"213",213,"Male",11455689600,"8","Custodial",30750,15000,83,302,"Yes","male",22875
"214",214,"Female",12178339200,"12","Clerical",20400,10950,83,9,"Yes","female",15675
"215",215,"Female",12178512000,"12","Clerical",19200,11100,83,7,"Yes","female",15150
"216",216,"Male",12041740800,"15","Clerical",30150,15750,82,72,"No","male",22950
"217",217,"Male",11562998400,"16","Clerical",34620,27750,82,149,"No","male",31185
"218",218,"Male",12036902400,"15","Clerical",80000,15750,82,34,"No","male",47875
"219",219,"Male",12001219200,"12","Clerical",25350,15000,82,32,"No","male",20175
"220",220,"Male",12018153600,"12","Clerical",29850,15750,82,85,"No","male",22800
"221",221,"Female",11505715200,"12","Clerical",24000,13800,82,97,"No","female",18900
"222",222,"Female",11137046400,"15","Clerical",27750,19500,82,265,"No","female",23625
"223",223,"Female",11341987200,"8","Clerical",22350,10200,82,48,"No","female",16275
"224",224,"Female",11111212800,"12","Clerical",16200,10200,82,0,"No","female",13200
"225",225,"Female",12149308800,"15","Clerical",21900,12750,82,0,"No","female",17325
"226",226,"Female",12044851200,"16","Clerical",23250,15750,82,4,"No","female",19500
"227",227,"Female",12078633600,"12","Clerical",33900,12000,82,11,"No","female",22950
"228",228,"Female",12021177600,"15","Clerical",25650,14250,82,51,"No","female",19950
"229",229,"Female",11292739200,"12","Clerical",17250,10200,82,358,"No","female",13725
"230",230,"Male",11086243200,"15","Clerical",22500,15000,82,371,"Yes","male",18750
"231",231,"Male",12062304000,"16","Manager",40200,21000,81,3,"No","male",30600
"232",232,"Male",12020486400,"19","Manager",55500,33750,81,62,"No","male",44625
"233",233,"Male",12015820800,"15","Clerical",26550,15000,81,52,"No","male",20775
"234",234,"Male",11931062400,"15","Clerical",50550,19500,81,44,"No","male",35025
"235",235,"Male",11988777600,"19","Manager",75000,31500,81,13,"No","male",53250
"236",236,"Female",12198297600,"8","Clerical",27450,12000,81,9,"No","female",19725
"237",237,"Female",12201148800,"12","Clerical",22650,11250,81,0,"No","female",16950
"238",238,"Female",12202099200,"12","Clerical",27300,11250,81,5,"No","female",19275
"239",239,"Female",12209961600,"12","Clerical",27750,11225,81,5,"No","female",19487.5
"240",240,"Female",11949638400,"16","Manager",54375,18750,81,81,"No","female",36562.5
"241",241,"Female",11167027200,"8","Clerical",17400,10200,81,390,"No","female",13800
"242",242,"Female",12151123200,"12","Clerical",40800,18000,81,4,"No","female",29400
"243",243,"Female",12191299200,"12","Clerical",23100,10950,81,0,"No","female",17025
"244",244,"Female",12210048000,"8","Clerical",22500,10950,81,5,"No","female",16725
"245",245,"Female",12194236800,"12","Clerical",26700,11550,81,18,"No","female",19125
"246",246,"Female",12157344000,"12","Clerical",24900,11250,81,0,"No","female",18075
"247",247,"Female",12167712000,"12","Clerical",19650,10950,81,11,"No","female",15300
"248",248,"Female",12196310400,"12","Clerical",22050,10950,81,9,"No","female",16500
"249",249,"Female",12198902400,"12","Clerical",25500,12000,81,11,"No","female",18750
"250",250,"Female",12117513600,"15","Clerical",28200,12750,81,19,"No","female",20475
"251",251,"Female",12189398400,"12","Clerical",23100,11250,81,13,"No","female",17175
"252",252,"Male",12210307200,"12","Clerical",25500,11400,81,9,"Yes","male",18450
"253",253,"Female",11340172800,"8","Clerical",17100,10200,81,0,"Yes","female",13650
"254",254,"Male",12033273600,"18","Manager",68125,32490,80,29,"No","male",50307.5
"255",255,"Male",11039760000,"12","Custodial",30600,15750,80,460,"No","male",23175
"256",256,"Male",11525241600,"19","Manager",52125,27480,80,221,"No","male",39802.5
"257",257,"Male",11642745600,"19","Manager",61875,36750,80,199,"No","male",49312.5
"258",258,"Male",12193632000,"8","Clerical",21300,11550,80,24,"No","male",16425
"259",259,"Female",12194150400,"12","Clerical",19650,11250,80,5,"No","female",15450
"260",260,"Female",12192163200,"12","Clerical",22350,11250,80,5,"No","female",16800
"261",261,"Female",12195187200,"12","Clerical",23400,11250,80,18,"No","female",17325
"262",262,"Female",12170995200,"12","Clerical",24300,10950,80,8,"No","female",17625
"263",263,"Female",12180931200,"12","Clerical",28500,11250,80,4,"No","female",19875
"264",264,"Female",12189139200,"12","Clerical",19950,11250,80,8,"No","female",15600
"265",265,"Female",12210825600,"12","Clerical",23400,11250,80,0,"No","female",17325
"266",266,"Female",12022560000,"16","Clerical",34500,17250,80,3,"No","female",25875
"267",267,"Female",12208147200,"12","Clerical",18150,10950,80,0,"No","female",14550
"268",268,"Male",11158128000,"12","Clerical",22350,15000,80,272,"Yes","male",18675
"269",269,"Male",12099628800,"15","Clerical",40200,17250,79,38,"No","male",28725
"270",270,"Male",11519539200,"15","Clerical",28650,18000,79,261,"No","male",23325
"271",271,"Male",12018758400,"15","Clerical",27750,16500,79,55,"No","male",22125
"272",272,"Male",12044505600,"18","Clerical",66875,31980,79,30,"No","male",49427.5
"273",273,"Male",11268288000,"12","Custodial",30000,15750,79,308,"No","male",22875
"274",274,"Male",12048652800,"16","Manager",83750,21750,79,12,"No","male",52750
"275",275,"Male",11999577600,"12","Clerical",33900,16500,79,94,"No","male",25200
"276",276,"Male",12072844800,"16","Manager",56500,21000,79,12,"No","male",38750
"277",277,"Female",12073622400,"16","Manager",43000,17490,79,20,"No","female",30245
"278",278,"Female",11381299200,"8","Clerical",20850,12000,79,70,"No","female",16425
"279",279,"Female",12196915200,"12","Clerical",24450,12000,79,8,"No","female",18225
"280",280,"Female",12213072000,"12","Clerical",24750,10950,79,5,"No","female",17850
"281",281,"Male",11434608000,"8","Custodial",34500,15750,79,246,"Yes","male",25125
"282",282,"Male",12020659200,"14","Clerical",27900,15000,79,47,"Yes","male",21450
"283",283,"Male",12003206400,"19","Manager",68125,32010,78,35,"No","male",50067.5
"284",284,"Male",11959747200,"19","Manager",73500,33000,78,45,"No","male",53250
"285",285,"Male",10969776000,"8","Custodial",30750,15750,78,429,"No","male",23250
"286",286,"Male",11846304000,"15","Manager",40050,25500,78,133,"No","male",32775
"287",287,"Male",12063081600,"16","Clerical",40350,19500,78,20,"No","male",29925
"288",288,"Male",11747808000,"15","Manager",38700,23730,78,176,"No","male",31215
"289",289,"Male",12055910400,"17","Manager",65000,30750,78,26,"No","male",47875
"290",290,"Male",11722579200,"18","Manager",51450,36240,78,149,"No","male",43845
"291",291,"Male",11106201600,"12","Custodial",35250,15750,78,387,"No","male",25500
"292",292,"Male",12009340800,"14","Clerical",25950,15000,78,53,"No","male",20475
"293",293,"Male",12084163200,"15","Clerical",25050,14250,78,24,"No","male",19650
"294",294,"Male",12180672000,"12","Clerical",26700,12750,78,25,"No","male",19725
"295",295,"Male",11040192000,"8","Clerical",24000,15750,78,476,"No","male",19875
"296",296,"Male",12033619200,"12","Clerical",26850,15000,78,48,"No","male",20925
"297",297,"Female",11344838400,"12","Clerical",23400,15300,78,209,"No","female",19350
"298",298,"Female",12113452800,"12","Clerical",24600,13500,78,47,"No","female",19050
"299",299,"Female",12072844800,"15","Clerical",32550,18000,78,6,"No","female",25275
"300",300,"Male",11916374400,"16","Clerical",26550,15000,78,105,"Yes","male",20775
"301",301,"Male",12174883200,"12","Clerical",31500,13500,78,7,"Yes","male",22500
"302",302,"Male",11264400000,"8","Clerical",22350,15000,78,320,"Yes","male",18675
"303",303,"Male",11212992000,"12","Custodial",35250,15750,78,281,"Yes","male",25500
"304",304,"Female",11453788800,"15","Clerical",25800,13500,78,51,"Yes","female",19650
"305",305,"Male",11329891200,"12","Custodial",30750,15750,77,317,"No","male",23250
"306",306,"Male",12101270400,"15","Clerical",30750,16500,77,41,"No","male",23625
"307",307,"Male",11448086400,"16","Manager",50000,32490,77,264,"No","male",41245
"308",308,"Male",12001132800,"15","Clerical",34500,18000,77,63,"No","male",26250
"309",309,"Male",12047270400,"15","Clerical",26250,15750,77,38,"No","male",21000
"310",310,"Male",12037075200,"16","Clerical",44875,21240,77,22,"No","male",33057.5
"311",311,"Female",11623651200,"12","Clerical",22500,12000,77,63,"No","female",17250
"312",312,"Female",12004502400,"12","Clerical",25650,14250,77,64,"No","female",19950
"313",313,"Female",12213504000,"12","Clerical",21300,11250,77,0,"No","female",16275
"314",314,"Female",12121401600,"12","Clerical",29850,13500,77,38,"No","female",21675
"315",315,"Female",12210393600,"12","Clerical",34500,12150,77,4,"No","female",23325
"316",316,"Male",11904883200,"15","Clerical",27750,15000,77,52,"Yes","male",21375
"317",317,"Male",12192768000,"12","Clerical",27750,11550,77,12,"Yes","male",19650
"318",318,"Male",11939616000,"16","Manager",48750,21990,76,61,"No","male",35370
"319",319,"Male",12098332800,"15","Clerical",43410,15750,76,12,"No","male",29580
"320",320,"Male",11173507200,"12","Clerical",22050,15000,76,385,"No","male",18525
"321",321,"Female",11708668800,"12","Clerical",22050,12000,76,6,"No","female",17025
"322",322,"Female",11214720000,"12","Clerical",22500,14250,76,90,"No","female",18375
"323",323,"Female",12136089600,"15","Clerical",25500,12000,76,7,"No","female",18750
"324",324,"Female",12117859200,"12","Clerical",29160,15000,76,22,"No","female",22080
"325",325,"Female",11109830400,"8","Clerical",16800,10200,76,76,"No","female",13500
"326",326,"Male",11858313600,"8","Custodial",29550,15750,76,144,"Yes","male",22650
"327",327,"Male",12066796800,"12","Clerical",26700,15750,76,18,"Yes","male",21225
"328",328,"Male",11677046400,"18","Manager",55000,32490,75,125,"No","male",43745
"329",329,"Male",11860992000,"18","Manager",62500,34980,75,74,"No","male",48740
"330",330,"Male",11883283200,"15","Clerical",27300,17250,75,132,"No","male",22275
"331",331,"Female",11338704000,"12","Clerical",24450,12000,75,144,"No","female",18225
"332",332,"Female",12041222400,"16","Clerical",33000,18000,75,26,"No","female",25500
"333",333,"Female",12063772800,"15","Clerical",37050,18000,75,5,"No","female",27525
"334",334,"Female",12104208000,"12","Clerical",24450,10950,75,32,"Yes","female",17700
"335",335,"Male",10961913600,"8","Custodial",31950,15750,74,408,"No","male",23850
"336",336,"Male",12030768000,"16","Manager",47250,21240,74,45,"No","male",34245
"337",337,"Female",12221625600,"12","Clerical",26100,11550,74,2,"No","female",18825
"338",338,"Female",11228803200,"8","Clerical",15900,10200,74,43,"No","female",13050
"339",339,"Female",11362550400,"8","Clerical",23700,10650,74,281,"No","female",17175
"340",340,"Female",11094105600,"8","Clerical",21750,12450,74,318,"No","female",17100
"341",341,"Male",11432102400,"12","Manager",59400,33750,74,272,"Yes","male",46575
"342",342,"Female",11538201600,"12","Clerical",24450,14250,74,117,"Yes","female",19350
"343",343,"Male",11696659200,"16","Manager",103500,60000,73,150,"No","male",81750
"344",344,"Male",12023078400,"12","Clerical",35700,16500,73,72,"No","male",26100
"345",345,"Female",12198556800,"12","Clerical",22200,16500,73,7,"No","female",19350
"346",346,"Female",12175920000,"15","Clerical",22950,13950,73,22,"No","female",18450
"347",347,"Female",11418019200,"12","Clerical",23100,12000,73,228,"No","female",17550
"348",348,"Female",11980828800,"16","Manager",56750,30000,73,15,"No","female",43375
"349",349,"Female",11216448000,"17","Clerical",29100,12750,73,375,"No","female",20925
"350",350,"Female",11250576000,"12","Clerical",37650,15750,73,132,"No","female",26700
"351",351,"Female",12095395200,"12","Clerical",27900,13500,73,32,"No","female",20700
"352",352,"Female",11080195200,"8","Clerical",21150,12000,73,159,"No","female",16575
"353",353,"Male",11751868800,"12","Custodial",31200,15750,73,155,"Yes","male",23475
"354",354,"Female",11472969600,"12","Clerical",20550,11250,73,154,"Yes","female",15900
"355",355,"Male",11947305600,"15","Clerical",25950,17250,72,83,"No","male",21600
"356",356,"Male",12088656000,"15","Clerical",28350,15000,72,48,"No","male",21675
"357",357,"Female",11021616000,"8","Clerical",17700,10200,72,184,"No","female",13950
"358",358,"Female",11407564800,"15","Clerical",23550,13500,72,49,"No","female",18525
"359",359,"Female",11318227200,"12","Clerical",19950,10200,72,56,"No","female",15075
"360",360,"Female",12175488000,"12","Clerical",29400,15300,72,30,"No","female",22350
"361",361,"Female",12106886400,"12","Clerical",28800,13950,72,18,"No","female",21375
"362",362,"Female",11186380800,"8","Clerical",16950,10200,72,319,"No","female",13575
"363",363,"Male",11727676800,"16","Clerical",35700,18000,72,138,"Yes","male",26850
"364",364,"Female",11500790400,"12","Clerical",17400,10200,72,116,"Yes","female",13800
"365",365,"Female",11550038400,"8","Clerical",21450,10200,72,194,"Yes","female",15825
"366",366,"Female",11942208000,"12","Clerical",24750,12000,72,68,"Yes","female",18375
"367",367,"Female",11347948800,"12","Clerical",16950,10200,72,271,"Yes","female",13575
"368",368,"Female",11384582400,"12","Clerical",26100,13500,72,169,"Yes","female",19800
"369",369,"Male",12152073600,"14","Clerical",28050,15000,71,15,"No","male",21525
"370",370,"Female",12000096000,"16","Clerical",36600,18000,71,12,"No","female",27300
"371",371,"Female",12101270400,"16","Manager",58125,18000,71,11,"No","female",38062.5
"372",372,"Male",11134972800,"15","Clerical",21300,15750,70,372,"No","male",18525
"373",373,"Male",11582697600,"12","Clerical",22500,16500,70,216,"No","male",19500
"374",374,"Male",12142483200,"15","Clerical",29400,15750,70,15,"No","male",22575
"375",375,"Male",12117340800,"12","Clerical",27450,14700,70,41,"No","male",21075
"376",376,"Male",12054355200,"15","Clerical",29850,15750,70,48,"No","male",22800
"377",377,"Male",12090297600,"15","Clerical",25350,15750,70,56,"No","male",20550
"378",378,"Female",10979798400,"8","Clerical",15750,10200,70,275,"No","female",12975
"379",379,"Female",11220854400,"8","Clerical",19650,13050,70,102,"No","female",16350
"380",380,"Female",11308723200,"12","Clerical",21000,13500,70,82,"No","female",17250
"381",381,"Male",11478844800,"17","Clerical",27000,18000,70,192,"Yes","male",22500
"382",382,"Male",11897452800,"12","Clerical",24000,15750,70,120,"Yes","male",19875
"383",383,"Male",11948601600,"17","Manager",78500,28740,70,67,"Yes","male",53620
"384",384,"Female",11773123200,"12","Clerical",20850,13050,70,127,"Yes","female",16950
"385",385,"Male",10980662400,"12","Custodial",30000,15750,69,348,"No","male",22875
"386",386,"Male",11103091200,"8","Custodial",28500,15750,69,174,"No","male",22125
"387",387,"Male",12064464000,"19","Manager",65000,31980,69,74,"No","male",48490
"388",388,"Male",11872310400,"14","Clerical",30150,16500,69,110,"No","male",23325
"389",389,"Male",11881209600,"19","Manager",66875,32490,69,81,"No","male",49682.5
"390",390,"Female",12183264000,"15","Clerical",24150,13500,69,7,"No","female",18825
"391",391,"Female",12188793600,"12","Clerical",24450,12450,69,12,"No","female",18450
"392",392,"Female",12230697600,"12","Clerical",21600,12000,69,0,"No","female",16800
"393",393,"Female",12202876800,"12","Clerical",27900,12450,69,0,"No","female",20175
"394",394,"Female",12222316800,"8","Clerical",29100,12450,69,17,"No","female",20775
"395",395,"Female",12225168000,"12","Clerical",22650,11250,69,2,"No","female",16950
"396",396,"Female",12239078400,"12","Clerical",20850,11250,69,0,"No","female",16050
"397",397,"Female",12220761600,"12","Clerical",22950,12300,69,5,"No","female",17625
"398",398,"Female",12247372800,"12","Clerical",30600,12450,69,5,"No","female",21525
"399",399,"Female",12222489600,"12","Clerical",20400,11250,69,0,"No","female",15825
"400",400,"Female",12206592000,"12","Clerical",23850,12750,69,20,"No","female",18300
"401",401,"Female",12225600000,"12","Clerical",22800,11250,69,0,"No","female",17025
"402",402,"Female",12222576000,"12","Clerical",20700,11250,69,2,"No","female",15975
"403",403,"Female",12229488000,"12","Clerical",21300,11250,69,3,"Yes","female",16275
"404",404,"Female",11693289600,"12","Clerical",24300,15000,69,121,"Yes","female",19650
"405",405,"Female",11415513600,"12","Clerical",19650,13950,69,133,"Yes","female",16800
"406",406,"Male",12085545600,"17","Manager",60000,32490,68,17,"No","male",46245
"407",407,"Male",12083040000,"15","Clerical",30300,15750,68,55,"No","male",23025
"408",408,"Male",12033619200,"19","Manager",61250,33000,68,9,"No","male",47125
"409",409,"Male",11994912000,"19","Clerical",36000,19500,68,21,"No","male",27750
"410",410,"Female",11336457600,"8","Clerical",25200,18750,68,344,"No","female",21975
"411",411,"Female",11008656000,"12","Clerical",16200,10200,68,180,"No","female",13200
"412",412,"Female",12233721600,"12","Clerical",22800,11250,68,2,"No","female",17025
"413",413,"Female",12099283200,"16","Manager",43500,19500,68,11,"No","female",31500
"414",414,"Male",11935987200,"8","Custodial",30300,15750,68,155,"Yes","male",23025
"415",415,"Male",12008908800,"15","Clerical",31950,15750,68,70,"Yes","male",23850
"416",416,"Male",12062908800,"15","Clerical",35250,13500,67,6,"No","male",24375
"417",417,"Male",12142137600,"15","Clerical",37800,15000,67,36,"No","male",26400
"418",418,"Male",12075004800,"15","Clerical",31200,15750,67,46,"No","male",23475
"419",419,"Male",12055305600,"15","Clerical",29400,16500,67,68,"No","male",22950
"420",420,"Male",11826086400,"19","Manager",70000,35040,67,75,"No","male",52520
"421",421,"Male",11961648000,"15","Clerical",33900,15750,67,96,"No","male",24825
"422",422,"Male",12015734400,"15","Clerical",27150,16500,67,78,"No","male",21825
"423",423,"Female",11156400000,"12","Clerical",22200,13800,67,196,"No","female",18000
"424",424,"Female",12109219200,"15","Clerical",31350,11100,67,47,"No","female",21225
"425",425,"Female",11337926400,"12","Clerical",20850,13500,67,181,"No","female",17175
"426",426,"Male",11677219200,"16","Clerical",33300,17490,67,120,"Yes","male",25395
"427",427,"Male",11345270400,"8","Clerical",26250,16050,67,97,"Yes","male",21150
"428",428,"Male",12035001600,"15","Clerical",31950,15750,67,58,"Yes","male",23850
"429",429,"Male",11481350400,"8","Custodial",30000,15750,67,305,"Yes","male",22875
"430",430,"Male",11787811200,"19","Manager",66250,34980,67,99,"Yes","male",50615
"431",431,"Male",11873433600,"18","Manager",86250,45000,66,50,"No","male",65625
"432",432,"Male",12036124800,"12","Clerical",30750,15000,66,56,"No","male",22875
"433",433,"Male",12120624000,"12","Clerical",33540,15750,66,47,"No","male",24645
"434",434,"Male",NA,"16","Clerical",34950,20250,66,55,"No","male",27600
"435",435,"Male",12042432000,"15","Clerical",40350,16500,66,80,"No","male",28425
"436",436,"Male",12074227200,"12","Clerical",30270,15750,66,80,"No","male",23010
"437",437,"Male",11073024000,"8","Clerical",26250,16050,66,264,"No","male",21150
"438",438,"Male",12054528000,"15","Clerical",32400,15000,66,64,"No","male",23700
"439",439,"Female",12234499200,"12","Clerical",20400,11250,66,0,"No","female",15825
"440",440,"Female",11520576000,"8","Clerical",24150,12750,66,96,"No","female",18450
"441",441,"Female",11575094400,"15","Clerical",23850,13500,66,122,"No","female",18675
"442",442,"Female",12178771200,"12","Clerical",29700,13500,66,26,"No","female",21600
"443",443,"Female",10928995200,"8","Clerical",21600,13500,66,228,"No","female",17550
"444",444,"Female",11957673600,"12","Clerical",24450,15750,66,87,"No","female",20100
"445",445,"Male",12017030400,"15","Clerical",28050,16500,66,84,"Yes","male",22275
"446",446,"Male",11859177600,"16","Manager",100000,44100,66,128,"Yes","male",72050
"447",447,"Male",11951107200,"15","Clerical",49000,20550,66,86,"Yes","male",34775
"448",448,"Female",11065161600,"12","Clerical",16350,10200,66,163,"Yes","female",13275
"449",449,"Male",12093235200,"16","Manager",70000,21750,65,19,"No","male",45875
"450",450,"Male",11731824000,"19","Manager",55000,34980,65,129,"No","male",44990
"451",451,"Male",12205036800,"15","Clerical",28500,14250,65,20,"No","male",21375
"452",452,"Male",11702275200,"12","Clerical",28800,18000,65,210,"No","male",23400
"453",453,"Male",10975910400,"15","Clerical",24450,15750,65,338,"No","male",20100
"454",454,"Male",12079584000,"19","Manager",90625,31250,65,18,"No","male",60937.5
"455",455,"Male",12031372800,"16","Manager",43650,19500,65,19,"No","male",31575
"456",456,"Male",11897193600,"19","Manager",75000,42510,65,54,"No","male",58755
"457",457,"Male",12168921600,"15","Clerical",31650,14250,65,10,"No","male",22950
"458",458,"Male",12077683200,"19","Manager",61875,28740,65,26,"No","male",45307.5
"459",459,"Female",12254371200,"12","Clerical",21750,11250,65,0,"No","female",16500
"460",460,"Female",12207110400,"12","Clerical",22500,12750,65,24,"No","female",17625
"461",461,"Female",11394172800,"8","Clerical",21600,13500,65,173,"No","female",17550
"462",462,"Female",12023510400,"16","Manager",34410,19500,65,79,"No","female",26955
"463",463,"Female",11108102400,"15","Clerical",20700,14250,65,241,"No","female",17475
"464",464,"Male",11973657600,"19","Manager",47550,33000,64,27,"No","male",40275
"465",465,"Male",11984198400,"12","Clerical",33900,16500,64,106,"No","male",25200
"466",466,"Female",11539411200,"12","Clerical",23400,13500,64,198,"No","female",18450
"467",467,"Female",12144470400,"16","Clerical",32850,19500,64,20,"No","female",26175
"468",468,"Female",12090211200,"16","Manager",55750,19980,64,36,"No","female",37865
"469",469,"Female",12043123200,"15","Clerical",25200,13950,64,57,"No","female",19575
"470",470,"Male",12031804800,"12","Clerical",26250,15750,64,69,"Yes","male",21000
"471",471,"Male",12111638400,"15","Clerical",26400,15750,64,32,"Yes","male",21075
"472",472,"Male",12097555200,"15","Clerical",39150,15750,63,46,"No","male",27450
"473",473,"Female",11206339200,"12","Clerical",21450,12750,63,139,"No","female",17100
"474",474,"Female",12182918400,"12","Clerical",29400,14250,63,9,"No","female",21825
